modelo,RMSE_Zscore,RMSE_Dolares,R2
Completo,0.3380583989832712,33.049202699040954,0.8865380504946175
Reducido,0.3383270792536233,33.07546936995582,0.8863576254455244
