variable,media,desviacion
cost,11.147822500830289,45.477579105231065
displays,15225.146462969113,44038.878771446565
clicks,164.9019428761209,748.6062911899094
post_click_conversions,40.537196944536696,212.53412728006492
post_click_sales_amount,2039.4928828379277,10432.424231838424
revenue,18.203997550647628,97.76181511371468
